user,other,id,White Christmas,San Junipero,USS Callister,Hang the DJ,Shut Up and Dance,White Bear,The Entire History of You,Nosedive,Black Museum,Be Right Back,Fifteen Million Merits,Hated in the Nation,Playtest,The National Anthem,Arkangel,Crocodile,Men Against Fire,Metalhead,The Waldo Moment
TheOnlyOne87,,1,1,4,8,2,7,13,5,10,3,11,9,6,12,14,17,16,15,18,19
[deleted],,2,5,3,8,2,4,10,7,13,6,15,1,9,18,12,11,16,17,14,19
SeacattleMoohawks,,3,3,7,1,8,6,17,5,11,10,9,2,12,4,13,15,16,19,14,18
loonwin,IMDB,4,1,4,7,2,8,12,5,9,3,11,10,6,13,14,17,16,15,18,19
loonwin,Hollywood,5,10,3,5,11,14,4,2,6,8,15,16,12,7,1,17,13,19,18,9
loonwin,PC Mag,6,2,4,6,8,16,5,7,9,15,3,1,12,11,10,13,19,18,17,14
loonwin,Vulture,7,7,6,2,13,14,15,5,3,16,1,10,9,12,4,19,11,18,8,17
loonwin,CBS8,8,6,2,13,14,4,7,1,3,17,5,8,11,19,9,12,18,15,10,16
loonwin,Collide,9,3,4,7,10,16,5,2,8,15,1,9,14,6,12,11,13,18,17,19
loonwin,Esquire,10,17,3,12,4,7,9,6,13,16,1,15,5,19,2,11,8,14,10,18
loonwin,Digital,11,5,4,8,7,14,12,1,6,17,2,9,13,3,10,16,15,18,11,19
loonwin,Den of,12,9,2,4,5,18,7,19,6,11,1,3,14,12,10,13,15,16,8,17
loonwin,Business,13,7,6,2,13,14,15,5,3,16,1,10,9,12,4,19,11,18,8,17
loonwin,Entertainment,14,8,2,3,5,18,10,1,9,17,4,13,11,12,7,16,14,15,6,19
loonwin,The W,15,8,1,6,7,2,17,4,5,12,16,15,18,13,14,11,9,10,3,19
Sandy_the_Bear,,16,5,6,16,3,1,7,2,8,19,10,4,14,13,9,17,15,18,11,12
LibGyps,,17,5,9,3,7,11,15,2,12,17,16,6,8,4,18,13,1,14,10,19
bigbluemonkey,,18,,,,,,,3,,,,,,,,,2,,,1
okaycomputers,,19,5,11,3,4,7,16,1,8,10,14,6,2,12,17,9,13,15,19,18
Rapier369,,20,1,2,7,6,5,8,3,12,10,4,9,15,11,13,17,14,18,16,19
Haggishands,,21,2,9,6,4,8,11,1,3,12,7,5,10,16,15,13,18,14,17,19
xnyltouine,,22,1,3,8,11,5,6,2,4,7,12,9,10,13,17,14,16,15,18,19
Catdaddypanther97,,23,1,3,8,16,6,4,5,9,10,17,2,7,13,14,15,12,18,11,19
zannahbear,,24,2,3,1,,11,5,12,13,,10,6,4,7,14,8,15,9,,16
Rusiano,,25,3,2,6,5,1,7,4,9,8,19,11,13,17,14,15,10,12,18,16
JonTargaryen35,,26,2,3,10,6,1,14,8,13,5,7,4,12,11,9,15,16,17,18,19
malacology,,27,5,1,8,3,13,4,16,7,2,9,6,10,17,14,15,19,12,11,18
Benj97s,,28,4,13,1,2,6,14,9,8,3,17,10,15,5,12,7,11,16,18,
Zypker125,,29,2,12,10,6,1,5,9,7,3,19,4,8,15,11,17,18,16,13,14
[deleted],,30,4,11,6,2,1,15,9,10,18,14,3,8,5,19,12,7,17,13,16
riedheidi,,31,1,15,16,9,3,4,2,18,6,11,13,7,12,8,10,5,14,17,19
Kr4d105s2_3,,32,11,1,2,,4,10,8,3,14,7,12,5,16,6,,,13,9,15
Kiafast,,33,2,3,5,1,8,12,4,6,7,9,11,10,16,17,18,13,14,15,19
[deleted],,34,1,3,14,16,5,2,4,7,13,8,9,6,11,10,17,18,12,15,19
passion4film,,35,5,2,14,4,8,11,15,1,6,3,13,7,16,10,9,12,19,18,17
regularpersonhere,,36,3,1,6,8,4,9,10,5,2,17,7,16,11,19,13,12,15,14,18
creamayo,,37,3,18,11,13,1,2,10,8,12,5,9,14,6,4,7,16,17,15,19
Enigmagico,,38,6,2,8,15,3,1,12,5,7,16,11,19,13,9,17,14,4,10,18
DudleyStone,,39,1,2,17,6,8,3,9,12,11,15,5,4,10,14,13,18,7,19,16
NeroBeelzebub,,40,4,16,5,9,3,12,11,18,7,13,1,8,6,10,2,17,14,19,15
lordwatts,,41,4,16,3,15,5,7,8,6,10,18,12,1,13,11,14,2,19,9,17
bjt005,,42,6,18,10,3,4,11,13,9,7,2,12,5,14,17,1,15,8,19,16
Schnabeltierchen,,43,1,7,6,,4,5,10,11,,12,9,2,3,15,8,,14,,13
LucasTurner17,,44,10,6,3,5,1,17,2,15,13,9,7,8,4,11,12,16,19,14,18
ChristinaMingle,,45,5,2,1,12,4,7,10,3,11,9,8,15,14,17,6,13,18,16,19
guteren,,46,7,6,3,9,4,10,5,2,8,16,1,14,11,19,13,15,18,12,17
delta777er,,47,2,4,3,6,8,1,18,12,7,17,17,18,13,14,15,9,5,11,19
chewwly564,,48,2,12,13,6,4,5,10,1,3,14,9,17,8,11,15,7,16,18,19
r-squared11,,49,2,1,7,3,12,8,13,4,5,15,10,6,17,19,11,16,9,14,18
rap_mein,,50,10,2,7,5,6,4,3,9,,1,14,8,13,11,17,12,16,18,15
vanillaxdom,,51,2,17,9,3,1,8,13,6,4,19,5,7,10,11,14,16,15,18,12
FrancisGalloway,,52,4,17,16,5,3,1,14,15,7,13,12,2,6,18,9,11,10,19,8
YonisGucciSosa300,,53,5,2,10,4,7,15,3,9,8,1,16,12,6,11,13,17,14,18,19
mattBJM,,54,2,3,6,7,10,1,17,8,9,12,18,4,13,5,19,16,15,11,14
JesW87,,55,8,1,2,3,10,7,11,13,18,12,17,15,14,4,16,9,6,5,19
MrBio5,,56,4,1,5,6,17,8,13,2,3,12,9,10,16,19,14,15,11,7,18
Free_Math_Tutoring,,57,11,12,13,3,2,7,1,16,10,6,5,9,17,14,18,19,8,4,15
dinklagetubetop,,58,2,5,10,4,16,17,1,11,6,8,12,13,3,15,7,9,18,14,19
RubyPeridot,,59,7,15,12,17,2,14,11,4,3,13,1,9,6,10,18,16,8,19,5
joshuakrey,,60,7,6,5,2,13,10,1,8,9,4,14,12,11,3,16,18,17,15,19
Marijn9696,,61,3,5,6,12,4,10,8,9,1,17,2,7,14,13,19,11,15,16,18
sleepbefore12,,62,2,1,4,10,7,17,3,6,13,8,5,18,15,12,11,16,9,19,14
PragmaticCoconut,,63,1,3,4,9,7,5,2,12,11,6,8,10,13,10,19,15,16,17,18
liam_e_123,,64,1,,,4,3,,5,,,,,2,,,,,,,
Guzzers101,,65,5,1,14,2,10,3,6,7,12,4,9,17,16,13,8,11,18,15,19
zedaoisok,,66,2,5,7,12,1,13,11,6,16,4,3,10,9,8,19,18,14,17,15
allshamnowow16,,67,5,19,7,13,1,11,3,15,6,16,10,12,18,14,17,2,8,9,4
mroximut,,68,1,6,9,10,3,12,14,11,2,13,5,7,19,4,18,16,8,17,15
Toasted_FlapJacks,,69,3,1,10,2,6,7,4,15,11,13,8,5,9,16,18,12,17,14,19
nolava2000,,70,1,7,5,4,2,3,8,16,9,19,6,12,15,13,10,14,17,11,18
Elvaga,,71,1,3,10,6,12,8,2,11,5,7,13,4,17,9,16,14,15,19,18
sharkdd,,72,7,16,11,10,2,4,1,14,6,5,17,12,3,8,15,9,13,19,18
dirtypasta,,73,5,6,10,4,12,16,7,1,18,3,8,11,19,2,15,17,13,9,14
pazenHS,,74,,,,,,,,,,,,,1,,,,,,
LtheWall00,,75,1,11,9,2,10,8,4,5,3,16,6,12,7,14,13,15,17,19,18
_tv_lover_,,76,2,,,3,5,,1,,,,,4,,,,,,,
aesopwaits,,77,3,1,8,6,7,5,15,4,11,18,2,14,10,9,16,13,12,17,19
JuanRiveara,,78,19,4,2,3,5,7,10,6,14,13,1,15,8,18,12,16,11,9,17
Thetrashman754,,79,3,2,5,6,14,11,4,8,12,9,1,13,18,7,16,15,10,17,19
tshimangabiakabutuka,,80,1,2,14,4,7,13,9,6,3,8,5,17,12,18,15,11,16,10,19
deads4lyfe,,81,5,10,17,2,3,1,4,6,8,11,13,7,16,12,15,14,9,18,19
PurpleThirteen,,82,3,,,,,1,5,7,,4,6,,,2,,,,,8
Santi-Saint,,83,,4,5,1,,,,3,,,2,,,,,,,,
TheKOg77,,84,7,9,4,3,1,8,14,16,17,15,19,2,11,5,10,6,13,18,12
redditingtonviking,,85,1,11,8,7,2,15,3,10,4,6,5,12,18,14,16,17,13,19,9
yodasonics,,86,1,14,5,6,4,3,13,8,2,7,12,15,9,17,10,11,16,19,18
Nyg500,,87,4,2,6,9,1,7,11,5,16,10,3,13,15,18,8,12,14,17,19
The400_lb_Hacker,,88,12,16,2,7,9,6,1,14,4,8,3,10,15,5,13,11,17,19,18
aveinofstars,,89,6,19,11,16,1,9,14,5,13,17,18,12,8,15,4,2,10,7,3
drunkpossum,,90,13,5,14,2,1,7,11,10,17,3,16,8,19,4,15,6,12,9,18
KiwiKenJJJ,,91,11,15,13,6,1,2,7,10,14,18,3,4,12,5,17,9,8,19,16
JonnyHowson,,92,1,,,,3,7,2,4,,6,9,,8,5,,,,,10
fake_lightbringer,,93,2,9,12,5,8,6,1,7,11,3,10,18,4,16,15,17,13,14,19
dieyoubastards,,94,3,1,11,9,4,6,2,7,18,8,15,5,12,19,17,13,10,14,16
ironcub14,,95,3,7,9,8,15,1,6,17,5,10,4,2,12,19,13,16,11,14,18
BluEyesWhitPrivilege,,96,1,15,2,13,8,11,5,9,6,7,3,4,19,17,12,14,10,16,18
LYRAA3,,97,5,8,2,11,10,3,9,1,7,4,12,17,6,14,18,16,15,19,13
drdestroyer9,,98,1,2,4,6,8,10,7,14,13,3,9,5,12,15,11,19,16,18,17
AjNeale,,99,3,,,4,1,,5,2,9,,7,,,,10,,8,6,
SevenSixTwoZeroSeven,,100,8,11,4,12,3,13,9,7,6,,2,17,10,1,14,15,16,5,18
genryaku,,101,2,12,11,15,5,3,4,14,9,7,1,16,6,17,8,13,10,19,18
phoenixFeatherQuill,,102,15,4,14,6,2,12,11,13,1,16,3,7,9,10,8,17,19,5,18
ProgressiveSnark2,,103,12,5,6,4,11,2,8,9,14,10,7,1,15,16,13,3,19,18,17
flyingelephante,,104,1,2,11,3,9,6,14,7,8,5,12,,4,,15,13,,10,
poornedstark,,105,5,4,12,3,8,11,1,15,9,2,7,6,14,13,10,18,19,16,17
ClassicalVideo,,106,1,5,3,11,2,6,12,8,15,7,4,10,13,14,16,9,17,18,19
bscale,,107,3,5,8,18,4,11,13,12,17,14,1,10,7,2,19,9,15,16,6
lisztoma42,,108,8,2,5,7,9,6,3,18,10,1,11,15,14,4,16,12,13,19,17
Thomazinc,,109,1,2,9,4,3,13,6,12,8,7,5,18,10,11,15,19,16,14,17
Jentai420,,110,14,4,5,2,1,7,6,11,13,8,3,18,9,12,17,16,10,15,19
OtakuMecha,,111,1,17,12,16,3,10,8,5,4,7,2,6,15,13,9,11,19,14,18
